{
    "MAE": 3.0984857082366943,
    "MSE": 14.829687118530273,
    "R2": 0.8321138620376587
}